EXEDATE,STATUS,Defect
1/1/2019,Fail,Passed
1/2/2019,Fail,Passed
1/3/2019,Pass,Passed
1/4/2019,Fail,Passed
1/5/2019,Fail,Passed
1/6/2019,Fail,Passed
1/7/2019,Pass,Passed
1/8/2019,Fail,Passed
1/9/2019,Pass,Passed
1/10/2019,Fail,Passed
1/11/2019,Fail,Passed
1/12/2019,Fail,Passed
1/13/2019,Pass,Passed
1/14/2019,Fail,Passed
1/15/2019,Pass,Passed
1/16/2019,Pass,Passed
1/17/2019,Pass,Passed
1/18/2019,Fail,Passed
1/19/2019,Fail,Passed
1/20/2019,Fail,Passed
1/21/2019,Pass,Passed
1/22/2019,Fail,Passed
1/23/2019,Fail,Passed
1/24/2019,Pass,Passed
1/25/2019,Fail,Passed
1/26/2019,Fail,Passed
1/27/2019,Fail,Passed
1/28/2019,Fail,Passed
1/29/2019,Pass,Passed
1/30/2019,Fail,Passed
1/31/2019,Fail,Passed
2/1/2019,Fail,Passed
2/2/2019,Fail,Passed
2/3/2019,Fail,Passed
2/4/2019,Fail,Passed
2/5/2019,Fail,Passed
2/6/2019,Pass,Passed
2/7/2019,Pass,Passed
2/8/2019,Pass,Passed
2/9/2019,Fail,Passed
2/10/2019,Fail,Passed
2/11/2019,Pass,Passed
2/12/2019,Pass,Passed
2/13/2019,Pass,Passed
2/14/2019,Pass,Passed
2/15/2019,Pass,Passed
2/16/2019,Pass,Passed
2/17/2019,Fail,Passed
2/18/2019,Fail,Passed
2/19/2019,Fail,Passed
2/20/2019,Pass,Passed
2/21/2019,Pass,Passed
2/22/2019,Fail,Passed
2/23/2019,Fail,Passed
2/24/2019,Fail,Passed
2/25/2019,Fail,Passed
2/26/2019,Pass,Passed
2/27/2019,Pass,Passed
2/28/2019,Pass,Passed
3/1/2019,Pass,Passed
3/2/2019,Fail,Passed
3/3/2019,Fail,Passed
3/4/2019,Pass,Passed
3/5/2019,Pass,Passed
3/6/2019,Fail,Passed
3/7/2019,Pass,Passed
3/8/2019,Pass,Passed
3/9/2019,Pass,Passed
3/10/2019,Fail,Passed
3/11/2019,Pass,Passed
3/12/2019,Pass,Passed
3/13/2019,Pass,Passed
3/14/2019,Pass,Passed
3/15/2019,Pass,Passed
3/16/2019,Pass,Passed
3/17/2019,Pass,Passed
3/18/2019,Fail,Passed
3/19/2019,Fail,Passed
3/20/2019,Fail,Passed
3/21/2019,Pass,Passed
3/22/2019,Pass,Passed
3/23/2019,Fail,Passed
3/24/2019,Fail,Passed
3/25/2019,Fail,Passed
3/26/2019,Pass,Passed
3/27/2019,Pass,Passed
3/28/2019,Pass,Passed
3/29/2019,Pass,Passed
3/30/2019,Pass,Passed
3/31/2019,Pass,Passed
4/1/2019,Pass,Passed
4/2/2019,Fail,Passed
4/3/2019,Fail,Passed
4/4/2019,Fail,Passed
4/5/2019,Fail,Passed
4/6/2019,Pass,Passed
4/7/2019,Fail,Passed
4/8/2019,Fail,Passed
4/9/2019,Pass,Passed
4/10/2019,Pass,Passed
4/11/2019,Fail,Passed
4/12/2019,Fail,Passed
4/13/2019,Fail,Passed
4/14/2019,Pass,Passed
4/15/2019,Pass,Passed
4/16/2019,Pass,Passed
4/17/2019,Fail,Passed
4/18/2019,Pass,Passed
4/19/2019,Pass,Passed
4/20/2019,Pass,Passed
4/21/2019,Pass,Passed
4/22/2019,Pass,Passed
4/23/2019,Fail,Passed
4/24/2019,Pass,Passed
4/25/2019,Fail,Passed
4/26/2019,Pass,Passed
4/27/2019,Fail,Passed
4/28/2019,Pass,Passed
4/29/2019,Pass,Passed
4/30/2019,Fail,Passed
5/1/2019,Fail,Passed
5/2/2019,Pass,Passed
5/3/2019,Pass,Passed
5/4/2019,Pass,Passed
5/5/2019,Pass,Passed
5/6/2019,Fail,Passed
5/7/2019,Fail,Passed
5/8/2019,Fail,Passed
5/9/2019,Pass,Passed
5/10/2019,Pass,Passed
5/11/2019,Pass,Passed
5/12/2019,Pass,Passed
5/13/2019,Pass,Passed
5/14/2019,Pass,Passed
5/15/2019,Pass,Passed
5/16/2019,Fail,Passed
5/17/2019,Pass,Passed
5/18/2019,Fail,Passed
5/19/2019,Pass,Passed
5/20/2019,Fail,Passed
5/21/2019,Pass,Passed
5/22/2019,Fail,Passed
5/23/2019,Pass,Passed
5/24/2019,Pass,Passed
5/25/2019,Pass,Passed
5/26/2019,Fail,Passed
5/27/2019,Fail,Passed
5/28/2019,Fail,Passed
5/29/2019,Fail,Passed
5/30/2019,Fail,Passed
5/31/2019,Pass,Passed
6/1/2019,Pass,Passed
6/2/2019,Fail,Passed
6/3/2019,Pass,Passed
6/4/2019,Pass,Passed
6/5/2019,Fail,Passed
6/6/2019,Fail,Passed
6/7/2019,Fail,Passed
6/8/2019,Fail,Passed
6/9/2019,Fail,Passed
6/10/2019,Fail,Passed
6/11/2019,Pass,Passed
6/12/2019,Fail,Passed
6/13/2019,Fail,Passed
6/14/2019,Fail,Passed
6/15/2019,Fail,Passed
6/16/2019,Fail,Passed
6/17/2019,Pass,Passed
6/18/2019,Pass,Passed
6/19/2019,Fail,Passed
6/20/2019,Fail,Passed
6/21/2019,Fail,Passed
6/22/2019,Fail,Passed
6/23/2019,Fail,Passed
6/24/2019,Pass,Passed
6/25/2019,Fail,Passed
6/26/2019,Pass,Passed
6/27/2019,Pass,Passed
6/28/2019,Fail,Passed
6/29/2019,Fail,Passed
6/30/2019,Pass,Passed
7/1/2019,Pass,Passed
7/2/2019,Fail,Passed
7/3/2019,Fail,Passed
7/4/2019,Pass,Passed
7/5/2019,Pass,Passed
7/6/2019,Pass,Passed
7/7/2019,Fail,Passed
7/8/2019,Pass,Passed
7/9/2019,Pass,Passed
7/10/2019,Fail,Passed
7/11/2019,Pass,Passed
7/12/2019,Pass,Passed
7/13/2019,Fail,Passed
7/14/2019,Pass,Passed
7/15/2019,Pass,Passed
7/16/2019,Pass,Passed
7/17/2019,Fail,Passed
7/18/2019,Pass,Passed
7/19/2019,Fail,Passed
7/20/2019,Fail,Passed
7/21/2019,Pass,Passed
7/22/2019,Fail,Passed
7/23/2019,Fail,Passed
7/24/2019,Fail,Passed
7/25/2019,Fail,Passed
7/26/2019,Pass,Passed
7/27/2019,Fail,Passed
7/28/2019,Pass,Passed
7/29/2019,Fail,Passed
7/30/2019,Fail,Passed
7/31/2019,Fail,Passed
8/1/2019,Fail,Passed
8/2/2019,Pass,Passed
8/3/2019,Pass,Passed
8/4/2019,Pass,Passed
8/5/2019,Pass,Passed
8/6/2019,Pass,Passed
8/7/2019,Fail,Passed
8/8/2019,Fail,Passed
8/9/2019,Fail,Passed
8/10/2019,Fail,Passed
8/11/2019,Pass,Passed
8/12/2019,Pass,Passed
8/13/2019,Fail,Passed
8/14/2019,Pass,Passed
8/15/2019,Fail,Passed
8/16/2019,Pass,Passed
8/17/2019,Fail,Passed
8/18/2019,Pass,Passed
8/19/2019,Pass,Passed
8/20/2019,Pass,Passed
8/21/2019,Fail,Passed
8/22/2019,Fail,Passed
8/23/2019,Fail,Passed
8/24/2019,Fail,Passed
8/25/2019,Fail,Passed
8/26/2019,Fail,Passed
8/27/2019,Fail,Passed
8/28/2019,Fail,Passed
8/29/2019,Pass,Passed
8/30/2019,Fail,Passed
8/31/2019,Fail,Passed
9/1/2019,Fail,Passed
9/2/2019,Pass,Passed
9/3/2019,Fail,Passed
9/4/2019,Fail,Passed
9/5/2019,Pass,Passed
9/6/2019,Pass,Passed
9/7/2019,Pass,Passed
9/8/2019,Fail,Passed
9/9/2019,Fail,Passed
9/10/2019,Fail,Passed
9/11/2019,Pass,Passed
9/12/2019,Pass,Passed
9/13/2019,Fail,Passed
9/14/2019,Fail,Passed
9/15/2019,Pass,Passed
9/16/2019,Pass,Passed
9/17/2019,Pass,Passed
9/18/2019,Fail,Passed
9/19/2019,Pass,Passed
9/20/2019,Pass,Passed
9/21/2019,Fail,Passed
9/22/2019,Fail,Passed
9/23/2019,Fail,Passed
9/24/2019,Fail,Passed
9/25/2019,Pass,Passed
9/26/2019,Pass,Passed
9/27/2019,Pass,Passed
9/28/2019,Pass,Passed
9/29/2019,Pass,Passed
9/30/2019,Pass,Passed
10/1/2019,Fail,Passed
10/2/2019,Fail,Passed
10/3/2019,Pass,Passed
10/4/2019,Pass,Passed
10/5/2019,Pass,Passed
10/6/2019,Fail,Passed
10/7/2019,Fail,Passed
10/8/2019,Pass,Passed
10/9/2019,Fail,Passed
10/10/2019,Fail,Passed
10/11/2019,Pass,Passed
10/12/2019,Pass,Passed
10/13/2019,Fail,Passed
10/14/2019,Fail,Passed
10/15/2019,Pass,Passed
10/16/2019,Pass,Passed
10/17/2019,Pass,Passed
10/18/2019,Fail,Passed
10/19/2019,Fail,Passed
10/20/2019,Pass,Passed
10/21/2019,Pass,Passed
10/22/2019,Pass,Passed
10/23/2019,Pass,Passed
10/24/2019,Fail,Passed
10/25/2019,Fail,Passed
10/26/2019,Fail,Passed
10/27/2019,Fail,Passed
10/28/2019,Fail,Passed
10/29/2019,Pass,Passed
10/30/2019,Pass,Passed
10/31/2019,Pass,Passed
11/1/2019,Pass,Passed
11/2/2019,Fail,Passed
11/3/2019,Pass,Passed
11/4/2019,Pass,Passed
11/5/2019,Pass,Passed
11/6/2019,Fail,Passed
11/7/2019,Fail,Passed
11/8/2019,Pass,Passed
11/9/2019,Pass,Passed
11/10/2019,Pass,Passed
11/11/2019,Pass,Passed
11/12/2019,Pass,Passed
11/13/2019,Fail,Passed
11/14/2019,Fail,Passed
11/15/2019,Pass,Passed
11/16/2019,Pass,Passed
11/17/2019,Pass,Passed
11/18/2019,Pass,Passed
11/19/2019,Pass,Passed
11/20/2019,Fail,Passed
11/21/2019,Pass,Passed
11/22/2019,Fail,Passed
11/23/2019,Fail,Passed
11/24/2019,Pass,Passed
11/25/2019,Pass,Passed
11/26/2019,Pass,Passed
11/27/2019,Pass,Passed
11/28/2019,Pass,Passed
11/29/2019,Pass,Passed
11/30/2019,Pass,Passed
12/1/2019,Pass,Passed
12/2/2019,Pass,Passed
12/3/2019,Pass,Passed
12/4/2019,Pass,Passed
12/5/2019,Pass,Passed
12/6/2019,Fail,Passed
12/7/2019,Fail,Passed
12/8/2019,Fail,Passed
12/9/2019,Fail,Passed
12/10/2019,Fail,Passed
12/11/2019,Fail,Passed
12/12/2019,Fail,Passed
12/13/2019,Fail,Passed
12/14/2019,Fail,Passed
12/15/2019,Pass,Passed
12/16/2019,Pass,Passed
12/17/2019,Fail,Passed
12/18/2019,Pass,Passed
12/19/2019,Pass,Passed
12/20/2019,Pass,Passed
12/21/2019,Pass,Passed
12/22/2019,Pass,Passed
12/23/2019,Fail,Passed
12/24/2019,Pass,Passed
12/25/2019,Pass,Passed
12/26/2019,Pass,Passed
12/27/2019,Pass,Passed
12/28/2019,Pass,Passed
12/29/2019,Pass,Passed
12/30/2019,Fail,Passed
12/31/2019,Fail,Passed
